First,M.I.,Last,Number
Ifeoma,N.,Rosario,(363) 594-1847
Candace,X.,Luna,(318) 266-1334
Dustin,,Evans,(409) 706-4679
Donovan,,Rutledge,(125) 551-0873
Quon,,Bean,(425) 834-0900
Basil,,Oneil,(393) 576-6211
Hilary,T.,Warner,(822) 273-0942
TaShya,,Hess,(193) 136-4982
Rhonda,,Mayo,(519) 755-5280
Ivan,R.,Humphrey,(274) 907-4075
Dustin,C.,Mccall,(540) 856-6725
Channing,D.,Barnett,(120) 200-6215
Nicole,G.,Tran,(724) 997-4018
Xerxes,,Duffy,(599) 811-0713
Selma,,Odom,(333) 669-1351
Hector,,Wooten,(921) 829-8201
Baker,,Tran,(903) 458-3047
Yuri,,Gibbs,(191) 969-4087
Mallory,Z.,Perry,(809) 815-2392
Marcia,,Rojas,(106) 494-3219
Indigo,G.,Bailey,(448) 947-5915
Laura,S.,Vazquez,(240) 882-7154
Cameran,,Buckley,(561) 284-3465
Igor,,Garrett,(824) 333-4128
Jameson,E.,Woodard,(723) 709-5287
Gillian,G.,Hess,(272) 542-7315
Steel,,Ferrell,(404) 707-0446
Frances,R.,Gould,(661) 789-4952
Autumn,,Dillon,(856) 136-0751
Aladdin,,Taylor,(513) 350-6292
Kelly,,Mcclure,(729) 301-8834
Nicholas,H.,Moses,(379) 826-3736
Zenia,,Lyons,(724) 796-3485
Josiah,I.,Page,(366) 901-4270
Linus,C.,Hopper,(582) 315-3751
Griffin,,Mcneil,(951) 901-3309
Indira,I.,Wiggins,(164) 940-2299
Shea,,Anthony,(940) 705-9209
Candace,,Black,(135) 381-8890
Tallulah,,Christian,(671) 466-5431
Germaine,F.,Collier,(581) 431-7577
Kirk,,Stout,(733) 616-5773
Kylee,F.,Larson,(672) 737-9810
Stone,T.,Ross,(156) 138-9099
Justin,,Waters,(435) 807-5699
Kibo,,Leon,(685) 622-4190
Clinton,,Barnett,(245) 247-8324
Timon,Q.,Sanders,(854) 881-7218
Philip,N.,Hopkins,(184) 286-7048
Miriam,,Ball,(785) 660-7711
Maia,C.,Madden,(267) 966-8439
Darrel,S.,Golden,(386) 511-1875
Juliet,Z.,Nicholson,(922) 363-9792
Jacob,,Moran,(618) 179-9433
Sylvester,R.,Parrish,(989) 138-9532
Demetrius,H.,Mcintyre,(676) 689-6492
Autumn,Z.,Watson,(432) 236-8135
Melinda,Y.,Mcknight,(629) 940-1394
Owen,,Daniel,(893) 203-8648
Tanner,,Briggs,(111) 990-7988
Celeste,U.,Cooper,(415) 774-7396
Ocean,U.,Conway,(751) 518-6791
Richard,,Alvarez,(209) 843-7120
Eleanor,R.,Duke,(598) 571-8010
Debra,,Espinoza,(723) 834-2112
Garrison,,Ward,(858) 558-1393
