Name,Phone
"Peters, Acton",848-1434
"Beard, Quynn I.",171-3698
Ifeoma N. Rosario,(363) 594-1847
"Luna, Candace X.",318.266.1334
Kylan Clay,1695082
Dustin Evans,409-706-4679
Kelly Carver,6614524
"Rutledge, Donovan",125-551-0873
Quon Bean,(425) 834-0900
"English, Kirsten",133-6263
"Oneil, Basil",3935766211
"Haynes, Indigo N.",4023499
Steel Marshall,583-3803
Hilary T. Warner,822-273-0942
TaShya Hess,1931364982
Yasir N. Hess,6739824
Veronica C. Sharp,614-9223
"Mayo, Rhonda",(519) 755-5280
"Humphrey, Ivan R.",2749074075
"Mccall, Dustin C.",1-540-856-6725
"Santiago, Jennifer D.",2289136
"Bauer, Cassandra",1340447
Channing D. Barnett,1202006215
Nicole G. Tran,724-997-4018
Xerxes Duffy,599.811.0713
"Odom, Selma",333.669.1351
Hector Wooten,921.829.8201
"Tran, Baker",(903) 458-3047
Yuri Gibbs,1919694087
"Perry, Mallory Z.",(809) 815-2392
"Rojas, Marcia",1-106-494-3219
Indigo G. Bailey,1-448-947-5915
"Vazquez, Laura S.",1-240-882-7154
Cameran Buckley,561-284-3465
"Anthony, Sheila D.",168-9611
"Bush, Knox K.",199-8289
Igor Garrett,824.333.4128
Josephine Moore,967-3868
Jameson E. Woodard,1-723-709-5287
Quinlan Jacobson,1172319
"Woodward, Malik",9932979
Lucius Stephens,1351220
Gillian G. Hess,1-272-542-7315
"Castaneda, Kane",8219951
"Houston, Cassidy I.",905-6165
Steel Ferrell,1-404-707-0446
Frances R. Gould,661-789-4952
Autumn Dillon,856.136.0751
"Dillon, Kessie",448-6181
Tallulah J. Allen,504-5409
Justin M. Palmer,2285895
"Taylor, Aladdin",(513) 350-6292
"Romero, Jamalia I.",687-4210
"Mcclure, Kelly",729-301-8834
Angela R. Gibbs,170-7571
Nicholas H. Moses,3798263736
Zenia Lyons,724.796.3485
Palmer Patel,9141844
Josiah I. Page,1-366-901-4270
Linus C. Hopper,5823153751
Griffin Mcneil,(951) 901-3309
"Wiggins, Indira I.",(164) 940-2299
Shea Anthony,(940) 705-9209
Candace Black,1353818890
"Wheeler, Tashya C.",8378843
"Christian, Tallulah",671-466-5431
"Collier, Germaine F.",581-431-7577
"Lucas, Eugenia",4710770
"Stout, Kirk",(733) 616-5773
"Larson, Kylee F.",672.737.9810
Stone T. Ross,1561389099
"Waters, Justin",435.807.5699
"Leon, Kibo",(685) 622-4190
Clinton Barnett,245.247.8324
Timon Q. Sanders,854-881-7218
"Hopkins, Philip N.",1842867048
Miriam Ball,1-785-660-7711
Carlos Holder,5332130
"Madden, Maia C.",(267) 966-8439
"Golden, Darrel S.",3865111875
"Nicholson, Juliet Z.",(922) 363-9792
"Moran, Jacob",618-179-9433
"Harper, Mercedes",1110062
"Parrish, Sylvester R.",1-989-138-9532
Demetrius H. Mcintyre,6766896492
Autumn Z. Watson,1-432-236-8135
"Poole, Robin",829-6191
"Gates, Ulla P.",3187320
Melinda Y. Mcknight,629.940.1394
"Massey, Noble",828-1755
"Daniel, Owen",1-893-203-8648
Tanner Briggs,111.990.7988
Celeste U. Cooper,415-774-7396
Ocean U. Conway,751-518-6791
"Alvarez, Richard",(209) 843-7120
Uma F. Livingston,179-8891
"Duke, Eleanor R.",598-571-8010
Debra Espinoza,723-834-2112
"Fitzgerald, Quinn X.",9716712
"Ward, Garrison",858-558-1393
